Trade Show Name,Show Year,Show Location,Show Month,Exhibitor Company,Stand Number,Country of Origin,Sector,Stand Size (sqm),Stand Type,Company Website,LinkedIn Page,Key Contact Name,Key Contact Title,Contact Email,Priority (H/M/L),Notes,Source,Date Added
Heimtextil,2026.0,"Frankfurt, Germany",Jan,Formesse,Hall 12.0 Booth B91,Germany,Bedding & Sleep Products,Unknown,Unknown,https://www.formesse.de,https://www.linkedin.com/company/formesse-gmbh/,Unknown,Unknown,contact@formesse.de*,H,Listed as Heimtextil exhibitor,Heimtextil exhibitor sources,2026-06-18
Heimtextil,2026.0,"Frankfurt, Germany",Jan,Hermann Biederlack,Hall 6.1 Booth D30,Germany,Bedding & Sleep Products,Unknown,Unknown,https://www.biederlack.de,https://www.linkedin.com/in/lotty-biederlack-605105276/,Lotty Biederlack,Managing Director,shop@biederlack.de,H,Listed as exhibitor,Heimtextil exhibitor sources,2026-06-18
Heimtextil,2026.0,"Frankfurt, Germany",Jan,Lameirinho,Hall 5.0 Booth C68,Portugal,Bedding & Sleep Products,Unknown,Unknown,https://www.lameirinho.pt,https://www.linkedin.com/company/lameirinho/,Unknown,Export / Sales Team,geral@lameirinho.pt*,H,European manufacturer,Heimtextil exhibitor sources,2026-06-18
Heimtextil,2026.0,"Frankfurt, Germany",Jan,HEFEL Textil,Hall 4.0 Booth C40,Austria,Bedding & Sleep Products,Unknown,Unknown,https://www.hefel.com,https://www.linkedin.com/company/hefel-textil/,Denise Hartmann,Marketing,denise.hartmann@hefel.com,H,Premium bedding producer,Heimtextil exhibitor sources,2026-06-18
Heimtextil,2026.0,"Frankfurt, Germany",Jan,OBB Oberbadische Bettfedernfabrik,Hall 4.0 Booth D11,Germany,Bedding & Sleep Products,Unknown,Unknown,https://www.obb.de,https://www.linkedin.com/company/obb-oberbadische-bettfedernfabrik-gmbh/,Hyuk Chan Kwon,Head of Sales Export,hyuk.kwon@obb.de,H,Bedding manufacturer,Heimtextil exhibitor sources,2026-06-18
Heimtextil,2026.0,"Frankfurt, Germany",Jan,ABC Italia S.r.l.,Hall 12.0 Booth B80,Italy,Home Textiles & Soft Furnishings,Unknown,Unknown,https://abcitalia.net/en/,https://www.linkedin.com/company/abc-italia-srl/,Unknown,Export / Sales Team,info@abcitalia.net,M,Italian exhibitor,Heimtextil exhibitor sources,2026-06-18
Heimtextil,2026.0,"Frankfurt, Germany",Jan,ADVANSA Marketing GmbH,Hall 4.0 Booth C11,Germany,Bedding & Sleep Products,Unknown,Unknown,https://www.advansa.com,https://www.linkedin.com/company/advansa/,Michael Knapstein,Chief Executive Officer (CEO),info@advansa.com,H,Fibre producer,Heimtextil exhibitor sources,2026-06-18
Heimtextil,2026.0,"Frankfurt, Germany",Jan,Boyteks Tekstil,Hall 4.0 Booth E11,Türkiye,Bedding & Sleep Products,Unknown,Unknown,https://www.boyteks.com,https://www.linkedin.com/company/boyteks-tekstil-mattress-ticking/,Ali Osman Boyacı,Export Sales Manager,export@boyteks.com,H,Major textile manufacturer,Heimtextil exhibitor sources,2026-06-18
Heimtextil,2026.0,"Frankfurt, Germany",Jan,Marzotto Lab,Hall 6.1 Booth F10,Italy,Home Textiles & Soft Furnishings,Unknown,Standard,https://www.marzottolab.it,https://www.linkedin.com/company/lanerossi/posts/?feedView=all,Unknown,Business Development / Sales Team,info@marzottolab.it,H,Officially listed Heimtextil 2026 exhibitor,Messe Frankfurt,2026-06-18
Heimtextil,2026.0,"Frankfurt, Germany",Jan,Mundotextil - Industrias Texteis,Hall 5.0 Booth C49,Portugal,Bedding & Sleep Products,Unknown,Standard,https://www.mundotextil.com,https://www.linkedin.com/company/mundotextil/,Paulo Vaz,Commercial Director,geral@mundotextil.com,H,Officially listed Heimtextil 2026 exhibitor,Messe Frankfurt,2026-06-18
Heimtextil,2026.0,"Frankfurt, Germany",Jan,Proneem,Hall 4.0 BoothB48,France,Bedding & Sleep Products,Unknown,Standard,https://www.proneem.com/,https://www.linkedin.com/company/proneem/,Romain Cieutat,Founder & CEO,contact@proneem.com,M,Smart Bedding exhibitor,Messe Frankfurt,2026-06-18
Heimtextil,2026.0,"Frankfurt, Germany",Jan,Badenia Bettcomfort,Hall4.0 BoothB51,Germany,Bedding & Sleep Products,Unknown,Standard,https://www.badenia-bettcomfort.de,https://www.linkedin.com/company/badenia-bettcomfort-gmbh-&-co-kg/about/,Olaf Teufel,"Sales – Furniture Retail, Mail Order & Discounters",sales@badenia-bettcomfort.de,H,Smart Bedding exhibitor,Messe Frankfurt,2026-06-18
Heimtextil,2026.0,"Frankfurt, Germany",Jan,f.a.n. Frankenstolz Schlafkomfort H. Neumeyer,Hall4.0 BoothD70,Germany,Bedding & Sleep Products,Unknown,Standard,https://www.frankenstolz.de,https://www.linkedin.com/company/frankenstolz/,Volker Maidhof,Managing Director,verkauf@frankenstolz.de,H,Smart Bedding exhibitor,Messe Frankfurt,2026-06-18
Heimtextil,2026.0,"Frankfurt, Germany",Jan,Forest Group,Hall3.0 BoothF45,Netherlands,Home Textiles & Soft Furnishings,Unknown,Standard,https://www.forestgroup.com,https://www.linkedin.com/company/forestgroup/,Mekhitar Mokhtarian,Sales Manager (Middle East),m.mokhtarian@forestgroup.com,H,Hall 3.0 exhibitor,Messe Frankfurt,2026-06-18
Heimtextil,2026.0,"Frankfurt, Germany",Jan,Linder,Hall3.0 BoothC95,France,Home Textiles & Soft Furnishings,Unknown,Standard,https://www.linder.fr,http://linkedin.com/company/linder-sa/,Thibaut Ferraro,Europe Area Manager,thibaut.ferraro@linder.fr,H,Hall 3.0 exhibitor,Messe Frankfurt,2026-06-18
Heimtextil,2026.0,"Frankfurt, Germany",Jan,Marburger Tapetenfabrik,Hall3.0 BoothB94,Germany,Flooring & Wall Coverings,Unknown,Standard,https://www.marburg.com,https://www.linkedin.com/company/marburg-tapete/,Alexander Kubsch,Managing Director,contact@marburg.com,H,Hall 3.0 exhibitor,Messe Frankfurt,2026-06-18
Heimtextil,2026.0,"Frankfurt, Germany",Jan,Paulig Teppichweberei,"Hall3.0 BoothC44,Hall3.0 BoothC61",Germany,Flooring & Wall Coverings,Unknown,Standard,https://www.paulig-teppiche.de,https://www.linkedin.com/company/paulig-teppichweberei/,Unknown,Sales Team,info@paulig-teppiche.de,H,Hall 3.0 exhibitor,Messe Frankfurt,2026-06-18
Heimtextil,2026.0,"Frankfurt, Germany",Jan,The Wallfashion House,Hall3.0 Booth B60,Belgium,Flooring & Wall Coverings,Unknown,Standard,https://www.wallfashionhouse.com,https://www.linkedin.com/company/thewallfashionhouse/,Unknown,Sales / Business Development Team,info@wallfashionhouse.com,M,Hall 3.0 exhibitor,Messe Frankfurt,2026-06-18
Heimtextil,2026.0,"Frankfurt, Germany",Jan,Edmund Bell,Hall 4.1 Booth D60,United Kingdom,Home Textiles & Soft Furnishings,Unknown,Standard,https://www.edmundbell.com,https://www.linkedin.com/company/edmundbell/,Andrew Copley,Sales Director,sales@edmundbell.com,H,Hall 4.1 exhibitor,Messe Frankfurt,2026-06-18
Heimtextil,2026.0,"Frankfurt, Germany",Jan,Manuel Revert,Hall 4.1 Booth D14,Spain,Home Textiles & Soft Furnishings,Unknown,Standard,https://www.manuelrevert.com,https://www.linkedin.com/company/manuel-revert-y-cia-s-a-/,José Manuel Revert,Export Manager,export@manuelrevert.com,H,Hall 4.1 exhibitor,Messe Frankfurt,2026-06-18
Heimtextil,2026.0,"Frankfurt, Germany",Jan,Vescom Velvets BV,Hall 4.1 Booth D90,Netherlands,Home Textiles & Soft Furnishings,Unknown,Standard,https://www.vescom.com,https://www.linkedin.com/company/vescom-b-v-/,Unknown,Sales / Business Development Team,info@vescom.com,H,Hall 4.1 exhibitor,Messe Frankfurt,2026-06-18
Heimtextil,2026.0,"Frankfurt, Germany",Jan,Ragolle Rugs,Hall 12.0 Booth B50,Belgium,Flooring & Wall Coverings,Unknown,Standard,https://www.ragolle.com,https://www.linkedin.com/company/ragolle-rugs/,Unknown,Export Sales Team,info@ragolle.com,H,Carpets & Rugs exhibitor,Messe Frankfurt,2026-06-18
Heimtextil,2026.0,"Frankfurt, Germany",Jan,Universal XXI,Hall 12.0 Booth B91,Spain,Flooring & Wall Coverings,Unknown,Standard,https://www.universalxxi.com,https://www.linkedin.com/company/universal-xxi-sl/,Unknown,Commercial Department,info@universalxxi.com,M,Flooring exhibitor,Messe Frankfurt,2026-06-18
INDEX Dubai,2025.0,"Dubai World Trade Centre, UAE",May,AEP - Portuguese Business Association,3E 144,Portugal,Furniture,Unknown,Standard,https://www.aeportugal.pt,https://www.linkedin.com/company/aeportugal/,Jorge Marcolino,Project Manager,aep@aeportugal.pt,H,European exhibitor,INDEX 2025 Directory,2026-06-19
INDEX Dubai,2025.0,"Dubai World Trade Centre, UAE",May,Aesthetic Indesign - Vladila,2C90,Romania,Furniture,Unknown,Standard,https://vladila.com,https://www.linkedin.com/company/vladila-romuralism/,Unknown,Sales / Business Development Team,info@vladila.com,M,Romanian exhibitor,INDEX 2025 Directory,2026-06-19
INDEX Dubai,2025.0,"Dubai World Trade Centre, UAE",May,Agicom Srl,2G91,Italy,Furniture,Unknown,Standard,https://www.agicom.it,https://www.linkedin.com/company/agicom-marquage/,Adamo Gonzo,Commercial Contact,commerciale@agicom.it,H,Italian exhibitor,INDEX 2025 Directory,2026-06-19
INDEX Dubai,2025.0,"Dubai World Trade Centre, UAE",May,Agresti Srl,4D179,Italy,Furniture,Unknown,Standard,https://www.agresti.it,https://www.linkedin.com/company/agresti-srl/,Paolo Agresti,Commercial Director,agresti@agresti.com,H,Italian exhibitor,INDEX 2025 Directory,2026-06-19
INDEX Dubai,2025.0,"Dubai World Trade Centre, UAE",May,AGRIWOOD,2D98,Romania,Furniture,Unknown,Standard,https://www.agriwood.com,Unknown,Unknown,Export / Sales Team,info@agriwood.com,M,Romanian exhibitor,INDEX 2025 Directory,2026-06-19
INDEX Dubai,2025.0,"Dubai World Trade Centre, UAE",May,Aigredoux,4B199,France,Home Decor & Accessories,Unknown,Standard,https://www.aigredoux.fr,https://www.linkedin.com/company/aigredoux/,Unknown,Commercial Department,contact@aigredoux.fr,M,French exhibitor,INDEX 2025 Directory,2026-06-19
INDEX Dubai,2025.0,"Dubai World Trade Centre, UAE",May,Alain Saint Joanis,7A292,France,Home Decor & Accessories,Unknown,Standard,https://www.saint-joanis.com,https://www.linkedin.com/company/alain-saint-joanis-coutelier-d-art/,Unknown,Export Sales Team,contact@saint-joanis.com,H,French exhibitor,INDEX 2025 Directory,2026-06-19
INDEX Dubai,2025.0,"Dubai World Trade Centre, UAE",May,Aj5D Proje Mimarlik Ith. Ihr. San. Tic. A.S.,6C241,Turkiye,Interior Design & Architecture Services,Unknown,Standard,https://www.aj5d.com,https://www.linkedin.com/company/aj5d-projects/,Unknown,Business Development Team,info@aj5d.com,M,Turkish exhibitor,INDEX 2025 Directory,2026-06-19
INDEX Dubai,2025.0,"Dubai World Trade Centre, UAE",May,BLOMUS GMBH,3C141,Germany,Home Decor & Accessories,Unknown,Standard,https://www.blomus.com,https://www.linkedin.com/company/blomus-gmbh/,Unknown,Export / Sales Team,info@blomus.com,H,German design and lifestyle brand,INDEX 2025 Directory,2026-06-19
INDEX Dubai,2025.0,"Dubai World Trade Centre, UAE",May,DREAMOTION TECHNOLOGY,4A191,Germany,"Lighting, Electrical & Technology",Unknown,Standard,https://www.dreamotion.com/,http://linkedin.com/company/jiecanglinearmotion/,Unknown,Sales Team,info@dreamotion.com,M,German technology exhibitor,INDEX 2025 Directory,2026-06-19
INDEX Dubai,2025.0,"Dubai World Trade Centre, UAE",May,EUZIEL INTERNATIONAL GMBH,3A121,Germany,Furniture,Unknown,Standard,https://www.songmicshomeb2b.com,https://www.linkedin.com/company/euziel/,Tony Wang,Business Development Manager,b2b@songmicshome.com,L,German furnishing company,INDEX 2025 Directory,2026-06-19
INDEX Dubai,2025.0,"Dubai World Trade Centre, UAE",May,HALBMOND TEPPICHWERKE,3D144,Germany,Flooring & Wall Coverings,Unknown,Standard,https://halbmond.de/en/,https://www.linkedin.com/company/halbmond-teppichwerke-gmbh/,Unknown,Export Sales Manager,info@halbmond.de,H,Carpet manufacturer,INDEX 2025 Directory,2026-06-19
INDEX Dubai,2025.0,"Dubai World Trade Centre, UAE",May,MÖBELKREATIONEN-BEAUPOIL,3D140,Germany,Furniture,Unknown,Standard,https://en.moebelkreationen-beaupoil.de,https://www.linkedin.com/company/popul-r-m-belkreationen/about/,Thomas Beaupoil,Managing Director,info@moebelkreationen-beaupoil.de,H,Premium furniture exhibitor,INDEX 2025 Directory,2026-06-19
INDEX Dubai,2025.0,"Dubai World Trade Centre, UAE",May,NESBUERO GMBH,3C149,Germany,Furniture,Unknown,Standard,https://www.nesbuero.com,https://www.linkedin.com/company/nesbuero-gmbh/,Unknown,Sales Director,info@nesbuero.com,M,Workplace solutions exhibitor,INDEX 2025 Directory,2026-06-19
INDEX Dubai,2025.0,"Dubai World Trade Centre, UAE",May,TER HÜRNE GMBH U. CO. KG,8D368,Germany,Flooring & Wall Coverings,Unknown,Standard,https://www.terhuerne.com,https://www.linkedin.com/company/ter-huerne/,Jörg Hempel,Head of International Sales,export@terhuerne.com,H,International flooring manufacturer,INDEX 2025 Directory,2026-06-19
INDEX Dubai,2025.0,"Dubai World Trade Centre, UAE",May,AGICOM SRL,2G91,Italy,Interior Design & Architecture Services,Unknown,Standard,https://www.agicom.com/,https://www.linkedin.com/company/agicom-marquage/,Adamo Gonzo,Commercial Director,commerciale@agicom.it,M,Italian architecture and design media exhibitor,INDEX 2025 Directory,2026-06-19
INDEX Dubai,2025.0,"Dubai World Trade Centre, UAE",May,AGRESTI SRL,4D179,Italy,Furniture,Unknown,Standard,https://www.agresti.com,https://www.linkedin.com/company/agresti-srl/,Paolo Agresti,Commercial Director,agresti@agresti.com,H,Luxury Italian furniture and safes manufacturer,INDEX 2025 Directory,2026-06-19
INDEX Dubai,2025.0,"Dubai World Trade Centre, UAE",May,ARCHETYPO SRL - ARTE DI MURANO,3D151,Italy,Home Decor & Accessories,Unknown,Standard,https://corporate.artedimurano.it,http://linkedin.com/company/arte-di-murano-s-r-l/,Unknown,Export / Commercial Team,info@artedimurano.it,H,Murano glass and luxury décor manufacturer,INDEX 2025 Directory,2026-06-19
INDEX Dubai,2025.0,"Dubai World Trade Centre, UAE",May,BALDI HOME JEWELS,4D171,Italy,Home Decor & Accessories,Unknown,Standard,https://www.baldihomejewels.com,https://www.linkedin.com/company/baldihj/posts/?feedView=all,Baldi Family Team,Commercial Department,info@baldihomejewels.com,H,Luxury handcrafted décor and art pieces,INDEX 2025 Directory,2026-06-19
INDEX Dubai,2025.0,"Dubai World Trade Centre, UAE",May,ELITE STONE GROUP - CALACATTA MARBLE,4D169,Italy,Building Materials & Fit-Out,Unknown,Standard,https://www.elitestone.it/,https://www.linkedin.com/company/elite-stone-group/,Unknown,Export Sales Team,info@elitestone.it,H,Premium marble and stone supplier,INDEX 2025 Directory,2026-06-19
INDEX Dubai,2025.0,"Dubai World Trade Centre, UAE",May,FEB ELETTRICA SRL,3D159,Italy,"Lighting, Electrical & Technology",Unknown,Standard,https://www.febelettrica.it,https://www.linkedin.com/company/feb-elettrica/,Fabrizio Bellini,Sales Manager,commerciale@febelettrica.it,M,Electrical systems and lighting products,INDEX 2025 Directory,2026-06-19
INDEX Dubai,2025.0,"Dubai World Trade Centre, UAE",May,FURNIVITA SIA,5A230,Italy,Furniture,Unknown,Standard,https://www.furnivita.com/?srsltid=AfmBOoqboTHmlusNjiZMjQgHK4L2uwj65iYCQtYWrMED6H_KWfndTXsa,https://www.linkedin.com/company/furnivita/,Unknown,Export / Sales Team,info@furnivita.com,M,Furniture and interior solutions exhibitor,INDEX 2025 Directory,2026-06-19
INDEX Dubai,2025.0,"Dubai World Trade Centre, UAE",May,GIANSANTI HOME,4 E160,Italy,Furniture,Unknown,Standard,https://www.giansantihome.it/,Research Needed,Giansanti Family Team,Commercial Department,info@giansantihome.it,H,Premium Italian home furnishing brand,INDEX 2025 Directory,2026-06-19
INDEX Dubai,2025.0,"Dubai World Trade Centre, UAE",May,GRUPPO MASTROTTO,7D318,Italy,Building Materials & Fit-Out,Unknown,Standard,https://www.mastrotto.com,https://www.linkedin.com/company/gruppo-mastrotto-spa/,Matteo Mastrotto,Chief Executive Officer (CEO),info@mastrotto.com,H,Global leather supplier for furniture and interiors,INDEX 2025 Directory,2026-06-19
INDEX Dubai,2025.0,"Dubai World Trade Centre, UAE",May,GRUPPO VECCHIA TOSCANA,3 E150,Italy,Furniture,Unknown,Standard,https://www.gruppovecchiatoscana.com/,https://www.linkedin.com/company/gruppo-vecchia-toscana-spa/,Unknown,Export Manager,info@gruppovecchiatoscana.com,M,Italian décor and furnishing company,INDEX 2025 Directory,2026-06-19
INDEX Dubai,2025.0,"Dubai World Trade Centre, UAE",May,HF HOME JEWELS,4C161,Italy,Home Decor & Accessories,Unknown,Standard,https://hfhomejewels.com/,https://www.linkedin.com/company/hf-home-jewels/about/,Unknown,Commercial Department,info@hfhomejewels.com,M,Luxury home accessories exhibitor,INDEX 2025 Directory,2026-06-19
INDEX Dubai,2025.0,"Dubai World Trade Centre, UAE",May,IL BRONZETTO SRL,3 E158,Italy,"Lighting, Electrical & Technology",Unknown,Standard,https://www.ilbronzetto.com,https://www.linkedin.com/company/ilbronzetto/?viewAsMember=true,Riccardo Barthel,Commercial Director,info@ilbronzetto.com,H,Handcrafted decorative lighting and bronze works,INDEX 2025 Directory,2026-06-19
INDEX Dubai,2025.0,"Dubai World Trade Centre, UAE",May,L'ORIGINALE SRL,3C151,Italy,Furniture,Unknown,Standard,https://www.loriginale.it/en/,Research Needed,Unknown,Sales / Business Development Team,info@loriginale.it,M,Luxury furnishings and décor,INDEX 2025 Directory,2026-06-19
INDEX Dubai,2025.0,"Dubai World Trade Centre, UAE",May,MANGANI 1958,3D150,Italy,Home Decor & Accessories,Unknown,Standard,https://www.mangani1958.com,https://www.linkedin.com/company/mangani-srl/about/,Andrea Mangani,Managing Director,info@mangani1958.com,H,Luxury ceramic décor manufacturer,INDEX 2025 Directory,2026-06-19
INDEX Dubai,2025.0,"Dubai World Trade Centre, UAE",May,MANIFATTURA CORTI SRL,7D318,Italy,Home Textiles & Soft Furnishings,Unknown,Standard,https://cortimanifattura.it/en/,https://www.linkedin.com/company/manifatturacorti/,Unknown,Export Sales Manager,info@cortimanifattura.it,M,Textile and interior fabric manufacturer,INDEX 2025 Directory,2026-06-19
INDEX Dubai,2025.0,"Dubai World Trade Centre, UAE",May,NORAH DESIGN SRL,4B169,Italy,Furniture,Unknown,Standard,https://www.norahdesign.it,Research Needed,Nora Nesti,Founder & Creative Director,info@norahdesign.it,H,Contemporary furniture and design solutions,INDEX 2025 Directory,2026-06-19
INDEX Dubai,2025.0,"Dubai World Trade Centre, UAE",May,NOVARTIPLAST ITALIA S.P.A.,7D318,Italy,Building Materials & Fit-Out,Unknown,Standard,https://novartiplastitalia.it/en/,https://www.linkedin.com/company/novartiplast-italia-spa/,Unknown,Export / Sales Team,info@novartiplastitalia.it,M,Plastic components for interior applications,INDEX 2025 Directory,2026-06-19
INDEX Dubai,2025.0,"Dubai World Trade Centre, UAE",May,OFFICINE SANDRINI SRL,3C155,Italy,Furniture,Unknown,Standard,https://www.officinesandrini.it,Research Needed,Sandrini Family Team,Commercial Director,info@officinesandrini.it,H,Architectural and furnishing metalwork solutions,INDEX 2025 Directory,2026-06-19
INDEX Dubai,2025.0,"Dubai World Trade Centre, UAE",May,OLYMPUS BRASS,4C160,Italy,Home Decor & Accessories,Unknown,Standard,https://olympusbrass.jimdofree.com/,Research Needed,Unknown,Sales Manager,olympusbrass@gmail.com,M,Brass decorative hardware manufacturer,INDEX 2025 Directory,2026-06-19
INDEX Dubai,2025.0,"Dubai World Trade Centre, UAE",May,P.A.M. DI PICCARDA MECATTI SAS,3C159,Italy,Home Textiles & Soft Furnishings,Unknown,Standard,https://www.pamfirenze.it/,Research Needed,Piccarda Mecatti,Owner / Managing Partner,info@pamfirenze.it,M,Luxury textile and linen products,INDEX 2025 Directory,2026-06-19
INDEX Dubai,2025.0,"Dubai World Trade Centre, UAE",May,AQUACLEAN-INTERFABRICS,7D318,Spain,Home Textiles & Soft Furnishings,Unknown,Standard,https://www.aquaclean.com/en/,https://www.linkedin.com/company/aquacleangroup/,Rosa Pujol,Export Area Manager,export@aquaclean.com,,Fabric supplier exhibiting at INDEX Dubai,INDEX Dubai Exhibitor Directory,2026-06-19
INDEX Dubai,2025.0,"Dubai World Trade Centre, UAE",May,COMMERTIA S.L. (VIRTUS),3A140,Spain,Furniture,Unknown,Standard,https://virtus1945.com,https://www.linkedin.com/company/virtus-1945-bronze-handmadeinspain/,Unknown,Commercial Director,info@virtus1945.com,,Exhibitor listed as Commertia S.L. (Virtus),INDEX Dubai Exhibitor Directory,2026-06-19
INDEX Dubai,2025.0,"Dubai World Trade Centre, UAE",May,GRUPO BUK,3F111,Spain,Furniture,Unknown,Standard,https://grupobuk.com,https://www.linkedin.com/company/grupobuk/?originalSubdomain=pt,Unknown,Export Sales Manager,info@grupobuk.com,,Spanish exhibitor,INDEX Dubai Exhibitor Directory,2026-06-19
INDEX Dubai,2025.0,"Dubai World Trade Centre, UAE",May,NOFER SL,6C278,Spain,Building Materials & Fit-Out,Unknown,Standard,https://www.nofer.com,https://www.linkedin.com/company/nofer-sl/,Unknown,Export Manager,export@nofer.com,,Manufacturer of washroom and sanitary equipment,INDEX Dubai Exhibitor Directory,2026-06-19
INDEX Dubai,2025.0,"Dubai World Trade Centre, UAE",May,CBA MEUBLES,4C191,France,Furniture,Unknown,Standard,https://www.cba-meubles.com/en/,https://www.linkedin.com/company/demeyere-group/,Unknown,International Sales Team,contact@cba-meubles.com,M,French furniture manufacturer specializing in residential furnishings,INDEX 2025 Directory,2026-06-19
INDEX Dubai,2025.0,"Dubai World Trade Centre, UAE",May,CRISTAL DE PARIS,7A298,France,Home Decor & Accessories,Unknown,Standard,https://www.cristaldeparis.fr,Research Needed,Unknown,Commercial Department,contact@cristaldepar,M,Manufacturer of premium crystal decorative and tableware products,INDEX 2025 Directory,2026-06-19
INDEX Dubai,2025.0,"Dubai World Trade Centre, UAE",May,DROUAULT,4B191,France,Bedding & Sleep Products,Unknown,Standard,https://www.drouault.net,https://www.linkedin.com/company/drouaultsas/,Unknown,Export Sales Manager,contact@drouault.net,H,"Premium bedding, pillows and duvet manufacturer",INDEX 2025 Directory,2026-06-19
INDEX Dubai,2025.0,"Dubai World Trade Centre, UAE",May,EGO PARIS,4A189,France,Furniture,Unknown,Standard,https://en.egoparis.com/,https://www.linkedin.com/company/ego-paris/,Fabrice Crouzet,International Sales Director,contact@egoparis.com,H,High-end designer outdoor furniture manufacturer,INDEX 2025 Directory,2026-06-19
INDEX Dubai,2025.0,"Dubai World Trade Centre, UAE",May,FRENCH LIVING IN MOTION,4C190,France,Furniture,Unknown,Standard,https://www.frenchliving-inmotion.com/,https://www.linkedin.com/company/ameublement-fran%C3%A7ais/,Unknown,Business Development Team,contact@frenchliving-inmotion.com,M,French collective promoting furniture and interior design brands,INDEX 2025 Directory,2026-06-19
INDEX Dubai,2025.0,"Dubai World Trade Centre, UAE",May,HOME SPIRIT,4A181,France,Furniture,Unknown,Standard,https://www.homespirit.fr,https://www.linkedin.com/company/home-spirit/,Unknown,Export Manager,contact@homespirit.fr,H,Manufacturer of sofas and upholstered furniture with sustainable production focus,INDEX 2025 Directory,2026-06-19
INDEX Dubai,2025.0,"Dubai World Trade Centre, UAE",May,LES JARDINS,4A189,France,Furniture,Unknown,Standard,https://lesjardinsliving.com/,https://www.linkedin.com/in/les-jardins-2808692a3/?skipRedirect=true,Thierry Lespinasse,Commercial Director,contact@lesjardinsliving.com,H,Premium outdoor furniture and solar lighting solutions,INDEX 2025 Directory,2026-06-19
INDEX Dubai,2025.0,"Dubai World Trade Centre, UAE",May,LIGNE ROSET,4B181,France,Furniture,Unknown,Standard,https://www.ligne-roset.com,https://www.linkedin.com/company/ligne-roset/,Michel Roset,Managing Director,contact@ligne-roset.com,H,International luxury furniture and interior design brand,INDEX 2025 Directory,2026-06-19
INDEX Dubai,2025.0,"Dubai World Trade Centre, UAE",May,AL TALAH BOARD MANUFACTURING COMPANY LTD (DESERT BOARD),7A299,United Arab Emirates,Building Materials & Fit-Out,Unknown,Standard,https://desertboard.com,Research Needed,Unknown,Sales / Export Team,info@desertboard.com,H,Manufacturer of engineered wood panels and interior board solutions,INDEX 2025 Directory,2026-06-19
INDEX Dubai,2025.0,"Dubai World Trade Centre, UAE",May,ALIA RASHED COMMERCIAL DESIGNING STUDIO,7 E299,United Arab Emirates,Interior Design & Architecture Services,Unknown,Standard,Research Needed,Research Needed,Unknown,Principal Designer / Managing Director,Research Needed,M,Commercial interior design and space planning services,INDEX 2025 Directory,2026-06-19
INDEX Dubai,2025.0,"Dubai World Trade Centre, UAE",May,ALMOE DIGITAL SOLUTIONS (L.L.C),7A329,United Arab Emirates,"Lighting, Electrical & Technology",Unknown,Standard,https://www.almoe.com,https://www.linkedin.com/company/almoe-group/,Anselm Dsouza,Business Development Manager,info@almoe.com,H,"Provider of AV, digital signage and smart workplace technologies",INDEX 2025 Directory,2026-06-19
INDEX Dubai,2025.0,"Dubai World Trade Centre, UAE",May,AMIGOS AESTHETIC BUILDING MATERIALS TRADING L.L.C,8B349,United Arab Emirates,Building Materials & Fit-Out,Unknown,Standard,https://amigosaesthetic.com/,https://www.linkedin.com/company/amigos-aesthetic-building-material/,Suraj Sharma,Business Development Manager,info@amigosaesthetic.com,M,Supplier of aesthetic building materials and interior finishing products,INDEX 2025 Directory,2026-06-19
INDEX Dubai,2025.0,"Dubai World Trade Centre, UAE",May,AMMTAAR PROJECT MANAGEMENT AND DESIGN STUDIO,6B248,United Arab Emirates,Interior Design & Architecture Services,Unknown,Standard,https://www.ammtaar1.com/,Research Needed,Unknown,Founder / Principal Designer,info@mysite.com,M,Design consultancy and project management services for interiors,INDEX 2025 Directory,2026-06-19
INDEX Dubai,2025.0,"Dubai World Trade Centre, UAE",May,ARMADA SOLUTIONS,4A161,United Arab Emirates,Building Materials & Fit-Out,Unknown,Standard,https://armadasolutions.com.sa/,https://www.linkedin.com/company/armada-co-ltd/,Unknown,Business Development Team,info@armadasolutions.com.sa,M,Supplier of interior and architectural solutions,INDEX 2025 Directory,2026-06-19
INDEX Dubai,2025.0,"Dubai World Trade Centre, UAE",May,ARS CASA GENERAL TRADING LLC,3B131,United Arab Emirates,Furniture,Unknown,Standard,https://www.arscasa.ae/,Research Needed,Unknown,Sales Manager,sales@arscasa.ae,M,General trading company focused on furniture and interior products,INDEX 2025 Directory,2026-06-19
INDEX Dubai,2025.0,"Dubai World Trade Centre, UAE",May,ART DIMENSIONS TECHNICAL SERVICES LLC,7C299,United Arab Emirates,Building Materials & Fit-Out,Unknown,Standard,https://www.atninfo.com/co/art-dimension-llc-dubai-18288,https://www.linkedin.com/company/atnmediaconcept/,Unknown,Commercial / Business Development Team,info@atninfo.com,M,Technical services and interior fit-out contractor,INDEX 2025 Directory,2026-06-19
Decorex,2026.0,"Olympia, London, UK",October,Alabastro Italiano,D71,Italy,Decorative Stone & Luxury Surfaces,Unknown,Standard,https://alabastroitaliano.com/en/,https://www.linkedin.com/company/alabastro-italiano/,"Riccardo Ongarato (Co-Founder), Alberto Ongarato (Co-Founder)",Co-Founders,commerciale1@alabastroitaliano.com,H,Italian luxury interiors supplier,Decorex Exhibitor Directory,2026-06-20
Decorex,2026.0,"Olympia, London, UK",October,Alessandro Bini,F01,Italy,Luxury Textiles & Home Furnishings,Unknown,Standard,https://www.alessandrobini.com/en/,https://www.linkedin.com/company/alessandro-bini---tessuti-d%27italia/?originalSubdomain=it,Unknown,Unknown,Unknown,H,Italian premium textile brand,Decorex Exhibitor Directory,2026-06-20
Decorex,2026.0,"Olympia, London, UK",October,Aromas del Campo,D38,Spain,"Lighting, Electrical & Technology",Unknown,Standard,https://www.aromasdelcampo.com/,https://www.linkedin.com/company/aromas-del-campo/,Jose Fornas Reig,CEO / Managing Director,Contact via company form (public email not listed),H,Spanish designer lighting manufacturer,Decorex Exhibitor Directory,2026-06-20
Decorex,2026.0,"Olympia, London, UK",October,ARTIGIANI DEL CASHMERE SAS di Alberto Rossi,J34,Italy,Luxury Textiles & Home Furnishings,Unknown,Standard,https://cashmeritaly.com/?gad_source=1&gad_campaignid=20904581682&gbraid=0AAAAAqW4i8w9qzSnSuyzOfDsffzrC_raz&gclid=CjwKCAjw9NjRBhATEiwA_p2J8cJ01GF9Xt26Cu9zYoP1jmkXMV1enUPgTxmHnqD6V88S9ZRgZv8DlhoCOcUQAvD_BwE,https://www.linkedin.com/company/artigiani-del-cashmere/,Alberto Rossi,CEO / Managing Director,Contact via company form (public email not listed),H,Luxury Italian cashmere products,Decorex Exhibitor Directory,2026-06-20
Decorex,2026.0,"Olympia, London, UK",October,BOMMA,G50,Czech Republic,"Lighting, Electrical & Technology",Unknown,Premium,https://www.bomma.cz/,https://www.linkedin.com/company/bomma/,Unknown,Unknown,info@bomma.cz,H,Premium European glass lighting brand,Decorex Exhibitor Directory,2026-06-20
Decorex,2026.0,"Olympia, London, UK",October,CINABRE GALLERY,F36,France,Home Decor & Accessories,Unknown,Standard,https://cinabre.com/fr/,,Unknown,Unknown,Unknown,M,French gallery and décor exhibitor,Decorex Exhibitor Directory,2026-06-20
Decorex,2026.0,"Olympia, London, UK",October,Collett & Victor,F40,Belgium,Furniture,Unknown,Standard,https://www.collett-victor.com/,https://www.linkedin.com/company/collettvictor/,Not publicly listed,General Management / Sales Team,sales@collett-victor.com,H,Belgian interiors supplier,Decorex Exhibitor Directory,2026-06-20
Decorex,2026.0,"Olympia, London, UK",October,DRUCKER,B26,France,Furniture,Unknown,Premium,https://www.frenchliving-inmotion.com/showroom/maison-drucker,https://www.linkedin.com/company/ameublement-fran%C3%A7ais/,Not publicly listed on public sources,Management Team,contact via website/contact form,H,Historic French furniture manufacturer,Decorex Exhibitor Directory,2026-06-20
Decorex,2026.0,"Olympia, London, UK",October,ERRE ERRE DIFFUSION S.R.L.,D30,Italy,Furniture,Unknown,Standard,https://erreerre.it/,https://www.linkedin.com/in/erre-erre-diffusion-srl-49b25b236/,Not publicly listed,Management / Commercial Department,erreerre@erreerre.it,M,Italian furnishing products company,Decorex Exhibitor Directory,2026-06-20
Decorex,2026.0,"Olympia, London, UK",October,Era Bespoke Metalworks,C66,Türkiye,Home Decor & Accessories,Unknown,Standard,https://www.erashopfitting.com/,,Gurcan Cuceloglu,Publicly listed employee,No public email found,M,Custom metalwork and architectural interiors,Decorex Exhibitor Directory,2026-06-20
Decorex,2026.0,"Olympia London, UK",October,Croft,C62,United Kingdom,Home Decor & Accessories,Unknown,Standard,https://croft.co.uk/,,Not publicly listed,Sales & Customer Service Team,info@croft.co.uk,H,Verified exhibitor from official Decorex directory,Official Decorex Directory,2026-06-20
Decorex,2026.0,"Olympia London, UK",October,Crofts and Assinder Ltd,D62,United Kingdom,Home Decor & Accessories,Unknown,Standard,https://crofts.co.uk/,https://www.linkedin.com/company/crofts-and-assinder/,Not publicly listed,Sales & Customer Service Team,general@crofts.co.uk,H,Verified exhibitor from official Decorex directory,Official Decorex Directory,2026-06-20
Decorex,2026.0,"Olympia London, UK",October,DecWOOD Mouldings,A36,United Kingdom,Building Materials & Fit-Out,Unknown,Standard,https://decwood.co.uk/,linkedin.com/showcase/decwood/,Not publicly listed,Sales Team,sales@decwood.co.uk,M,Verified exhibitor from official Decorex directory,Official Decorex Directory,2026-06-20
Decorex,2026.0,"Olympia London, UK",October,DuraGreen Lighting UK,F70,United Kingdom,"Lighting, Electrical & Technology",Unknown,Standard,https://duragreenlighting.co.uk/,https://www.linkedin.com/company/duragreen-lighting/,Not publicly listed,Sales & Customer Support Team,info@duragreenlighting.co.uk,M,Verified exhibitor from official Decorex directory,Official Decorex Directory,2026-06-20
Decorex,2026.0,"Olympia London, UK",October,ELEMENTS LONDON,B58,United Kingdom,Decorative Stone & Luxury Surfaces,Unknown,Premium,https://elementscarpet.com/,https://www.linkedin.com/company/elements-london/,Not publicly listed,General Enquiries / Sales Team,info@elements.london,H,Premium interiors materials supplier,Official Decorex Directory,2026-06-20
Decorex,2026.0,"Olympia London, UK",October,Elstead Lighting Ltd,G64,United Kingdom,"Lighting, Electrical & Technology",Unknown,Standard,https://www.elsteadlighting.com/,,Jonathan Lucas,Managing Director,enquiries@elsteadlighting.com,H,Established lighting manufacturer,Official Decorex Directory,2026-06-20
Decorex,2026.0,"Olympia London, UK",October,Emma Wood Home Ltd,B51,United Kingdom,Home Decor & Accessories,Unknown,Standard,https://emmawoodhome.com/,,Emma Wood,Founder / Creative Director,hello@emmawoodhome.com,M,Verified exhibitor from official Decorex directory,Official Decorex Directory,2026-06-20
Decorex,2026.0,"Olympia London, UK",October,EPOC Handcrafted Beds,B57,United Kingdom,Furniture,Unknown,Standard,https://epocbeds.co.uk/,https://www.linkedin.com/company/epocbeds/,Stephen Eccles,Managing Director,info@epocbeds.co.uk,H,Luxury handcrafted bed manufacturer,Official Decorex Directory,2026-06-20
Maison&Objet Paris,2026.0,"Paris, France",January,GIOPATO & COOMBES,TBA,Italy,"Lighting, Electrical & Technology",Unknown,Standard,https://www.giopatocoombes.com/,https://www.linkedin.com/company/giopatocoombes/,Cristiana Giopato,Co-Founder,info@giopatocoombes.com,H,Jan 2026 exhibitor,10Times Jan 2026 Exhibitors,2026-06-20
Maison&Objet Paris,2026.0,"Paris, France",January,SARANY SHOP - CAMBODGE A PARIS,TBA,France / Cambodia,Home Decor & Accessories,Unknown,Standard,https://mom.maison-objet.com/en/brand/2188/sarany-shop,,Catherine (public contact),Owner / Management,catherine@saranyshop.com,M,Jan 2026 exhibitor,10Times Jan 2026 Exhibitors,2026-06-20
Maison&Objet Paris,2026.0,"Paris, France",January,SWITCH & MATCH - DECOR & DESIGN,TBA,France,Home Decor & Accessories,Unknown,Standard,https://mom.maison-objet.com/fr/marque/22921/switch-match,,Not publicly identified,Sales / Brand Contact,Contact via MOM platform,M,Jan 2026 exhibitor,10Times Jan 2026 Exhibitors,2026-06-20
Spring Fair,2026.0,"NEC Birmingham, UK",February,Portmeirion Group UK Ltd,Unknown,United Kingdom,Home Decor & Accessories,Unknown,Standard,https://www.portmeiriongroup.com,https://www.linkedin.com/company/portmeirion-group-limited/,Michael Scheepers,CEO,mscheepers@portmeiriongroup.com,H,Major UK homeware manufacturer,10Times Spring Fair Exhibitors,2026-06-20
Spring Fair,2026.0,"NEC Birmingham, UK",February,Portland Living,4C66-D77,United Kingdom,Home Decor & Accessories,Unknown,Standard,https://www.portlandliving.co.uk/,https://www.linkedin.com/company/portland-living-ltd/,Pamela Drinkal,Director,pameladrinkall@gainsboroughgiftware.com,M,Home and lifestyle products,10Times Spring Fair Exhibitors,2026-06-20
Spring Fair,2026.0,"NEC Birmingham, UK",February,Portfolio Ltd,3P25,United Kingdom,Gifts & Lifestyle Products,Unknown,Standard,http://www.portfoliocards.com,Research Needed,Davif Corner,Managing Director,david@portfoliocards.com,M,Gift and retail supplier,10Times Spring Fair Exhibitors,2026-06-20
Spring Fair,2026.0,"NEC Birmingham, UK",February,Popcorn Kitchen Ltd,5C65,United Kingdom,Food & Beverage,Unknown,Standard,https://www.popcornkitchen.co.uk,https://www.linkedin.com/company/popcorn-kitchen-ltd/,Louise Wbb,Founder,louise@popcornkitche.co.uk,M,Premium popcorn gift brand,10Times Spring Fair Exhibitors,2026-06-20
Spring Fair,2026.0,"NEC Birmingham, UK",February,Polyflame Europe,IF33,United Kingdom,Home Decor & Accessories,Unknown,Standard,https://polyflame.com/en/,https://www.linkedin.com/company/polyflame-europe/,Serge Amar,Serge Amar,serge.amar@polyflame.com,M,Home fragrance supplier,10Times Spring Fair Exhibitors,2026-06-20
Spring Fair,2026.0,"NEC Birmingham, UK",February,PolarX Ornament & Gift UK, 5C30,United Kingdom,Gifts & Lifestyle Products,Unknown,Standard,https://www.polarxornaments.co.uk/,https://www.linkedin.com/company/polarx-ornaments/,Sam Sargent,Head of sales ,sam@polarxornaments.co.uk,M,Seasonal gift products,10Times Spring Fair Exhibitors,2026-06-20
Spring Fair,2026.0,"NEC Birmingham, UK",February,Plewsy,3S41,United Kingdom,Gifts & Lifestyle Products,Unknown,Standard,plewsy.com,https://www.linkedin.com/company/plewsy/?originalSubdomain=uk,Fiona Fawcett,Founder,fiano@plewsy.com,L,Independent creative brand,10Times Spring Fair Exhibitors,2026-06-20
Spring Fair,2026.0,"NEC Birmingham, UK",February,Pigment Productions Ltd,3M20,United Kingdom,Gifts & Lifestyle Products,Unknown,Standard,https://www.pigmentproductions.com,https://www.linkedin.com/company/pigment-productions/,Clive Burns,Sales at South East,clive.burns@pigmentproductions.com,M,Established greetings supplier,10Times Spring Fair Exhibitors,2026-06-20
Spring Fair,2026.0,"NEC Birmingham, UK",February,Peter Pauper Press,4B27,United States,Gifts & Lifestyle Products,Unknown,Standard,https://www.peterpauper.com,https://www.linkedin.com/company/peter-pauper-press-inc./,Laurence Beilenson,Corporate Leader,lbeilenson@peterpauper.com,H,International stationery brand,10Times Spring Fair Exhibitors,2026-06-20
Spring Fair,2026.0,"NEC Birmingham, UK",February,Powder Design Ltd,2M14-3G01,United Kingdom,Gifts & Lifestyle Products,Unknown,Standard,https://powder-uk.com/,https://www.linkedin.com/company/powder-design-ltd/?originalSubdomain=uk,Lisa Beaumont,Founder,lisa@powder-uk.com,H,Strong export-oriented gift brand,10Times Spring Fair Exhibitors,2026-06-20
Spring Fair,2026.0,"NEC Birmingham, UK",February,A Bit Quackers,Unknown,United Kingdom,Gifts & Lifestyle Products,Unknown,Standard,https://www.abitquackers.com/wholesale-enquiries/,Research Needed,Unknown,Unknown,Unknown,M,Small UK gift and novelty brand,10Times Spring Fair Exhibitors,2026-06-20
Spring Fair,2026.0,"NEC Birmingham, UK",February,Ping Ping Jewellery Ltd,2K44,United Kingdom,Gifts & Lifestyle Products,Unknown,Standard,https://pingping.co.uk/,Research Needed,Unknown,Unknown,Unknown,M,Jewellery exhibitor,10Times Spring Fair Exhibitors,2026-06-20
Spring Fair,2026.0,"NEC Birmingham, UK",February,Personalised Memento Company Limited,4J10,United Kingdom,Gifts & Lifestyle Products,Unknown,Standard,https://www.personalisedmemento.co.uk/,https://www.linkedin.com/company/personalised-memento-company/,Deborah Hancock,Sales Director,Debbi@personalisedmemento.co.uk,M,Personalised gift supplier,10Times Spring Fair Exhibitors,2026-06-20
Spring Fair,2026.0,"NEC Birmingham, UK",February,Philever, 3F40-G41,United Kingdom,Gifts & Lifestyle Products,Unknown,Standard,https://www.philever.com/,Research Needed,Unknown,Unknown,philever@philever.com,L,Independent retail brand,10Times Spring Fair Exhibitors,2026-06-20
Spring Fair,2026.0,"NEC Birmingham, UK",February,Pineapple Group Ltd,"4A70, 3G24",United Kingdom,Home Decor & Accessories,Unknown,Standard,https://pineapple-island.com/,https://www.linkedin.com/company/the-pineapple-group-ltd/,Alice Parameter,Creative Director,alice@pineappli-island.com,M,Home and gift supplier,10Times Spring Fair Exhibitors,2026-06-20
Spring Fair,2026.0,"NEC Birmingham, UK",February,Candy House,5C67,United Kingdom,Food & Beverage,Unknown,Standard,https://candyhouse.biz/,https://www.linkedin.com/company/candyhouse-limited/about/,Unknown,Unknown,Unknown,M,Seasonal confectionery supplier,Spring Fair Exhibitor Data,2026-06-20
Spring Fair,2026.0,"NEC Birmingham, UK",February,Deva Designs Ltd,3R24,United Kingdom,Gifts & Lifestyle Products,Unknown,Standard,http://www.devadesigns.co.uk,https://www.linkedin.com/company/deva-designs-limited/,Andrew Maddock-Neill,Managing Director,andrew@devadesigns.co.uk,M,Design-led stationery company,Spring Fair Exhibitor Data,2026-06-20
Spring Fair,2026.0,"NEC Birmingham, UK",February,SPX Brands UK, 5C30,United Kingdom,Home Decor & Accessories,Unknown,Standard,https://www.polarxornaments.co.uk,https://www.linkedin.com/company/spx-brands/,Unknown,Unknown,info@polarxornaments.co.uk,M,Ornament and seasonal gift products,10Times Spring Fair Exhibitors,2026-06-20
Spring Fair,2026.0,"NEC Birmingham, UK",February,Harbour Lifestyle,Unknown,United Kingdom,Furniture,Unknown,Premium,https://www.harbourlifestyle.co.uk/,https://www.linkedin.com/company/harbour-lifestyle/?originalSubdomain=uk,Anna Wieckowska,Content Manager,anna@harbourlifestyle.co.uk,H,Growing outdoor furniture brand,Spring Fair Exhibitor Data,2026-06-20
Spring Fair,2026.0,"NEC Birmingham, UK",February,COKU Limited,Unknown,United Kingdom,Home Decor & Accessories,Unknown,Standard,https://www.coku.co.uk/,Research Needed,Research Needed,Research Needed,cokuhome@coku.co.uk,M,Independent lifestyle supplier,Spring Fair Exhibitor Data,2026-06-20
January Furniture Show,2025.0,"NEC Birmingham, UK",January,AFT (Advanced Furniture Technologies),5-H58,Portugal,Furniture,Unknown,Standard,Research Needed,Research Needed,Research Needed,Research Needed,Research Needed,H,Furniture technology solutions,January Furniture Show Exhibitor Directory,2026-06-22
January Furniture Show,2025.0,"NEC Birmingham, UK",January,AIMMP,1-K30,Portugal,Furniture,Unknown,Standard,https://aimmp.pt/,https://www.linkedin.com/company/aimmp/,Vítor Poças,President,aimmp@aimmp.pt,H,Portuguese furniture industry association,January Furniture Show Exhibitor Directory,2026-06-22
January Furniture Show,2025.0,"NEC Birmingham, UK",January,AIT Home Delivery,5-B50,United Kingdom,Logistics & Supply Chain Services,Unknown,Standard,https://aithomedelivery.com/en-gb/,https://www.linkedin.com/company/ait-home-delivery/,Research Needed,Research Needed,Research Needed,M,Home delivery services,January Furniture Show Exhibitor Directory,2026-06-22
January Furniture Show,2025.0,"NEC Birmingham, UK",January,Hooker Furnishings,1-A60,United States,Furniture,Unknown,Standard / Featured / Sponsored,https://hookerfurnishings.com/,https://www.linkedin.com/company/hooker-furnishings-corporation/,Earl Armstrong,Chief Financial Officer,investor@hookerfurnishings.com,H,Major furniture brand,January Furniture Show Exhibitor Directory,2026-06-22
January Furniture Show,2025.0,"NEC Birmingham, UK",January,The Furniture Makers' Company,5-E60,United Kingdom,Industry Association & Trade Body,Unknown,Standard / Featured / Sponsored,https://furnituremakers.org.uk/,https://www.linkedin.com/company/the-furniture-makers-company/,Research Needed,Research Needed,hello@furnituremakers.org.uk,M,Furniture industry charity,January Furniture Show Exhibitor Directory,2026-06-22
January Furniture Show,2025.0,"NEC Birmingham, UK",January,Vida Living,C10,Ireland,Furniture,Unknown,Standard / Featured / Sponsored,https://www.vidaliving.com/,https://www.linkedin.com/company/vida-living/,Steve Lamb,Group Sales Director,marketing@vidaliving.com,H,Irish furniture wholesaler,January Furniture Show Exhibitor Directory,2026-06-22
January Furniture Show,2025.0,"NEC Birmingham, UK",January,3C Candy Polstermoebel GmbH,1-C45,Germany,Furniture,Unknown,Standard,https://www.candy-polstermoebel.de/en/home/,https://www.linkedin.com/company/3c-gruppe/,Carl-Christoph Held / Markus Kemming,Geschäftsführer (Managing Directors),info@candy-polstermoebel.de,H,German sofa manufacturer,January Furniture Show Exhibitor Directory,2026-06-22
January Furniture Show,2025.0,"NEC Birmingham, UK",January,ACCADUEO DESIGN SRL,3-D10,Italy,Furniture,Unknown,Standard,https://www.accadueodesign.it/en/,https://www.linkedin.com/company/accadueo-design-s.r.l./about/,Research Needed,Research Needed,info@accadueodesign.it,M,Italian furniture company,January Furniture Show Exhibitor Directory,2026-06-22
January Furniture Show,2025.0,"NEC Birmingham, UK",January,ACL 2002 LTD,5-C54,United Kingdom,Furniture,Unknown,Standard,Research Needed,Research Needed,Craig Watts,Director,Research Needed,M,UK furniture supplier,January Furniture Show Exhibitor Directory,2026-06-22
January Furniture Show,2025.0,"NEC Birmingham, UK",January,ACTONA GROUP A/S,"1-A80, 1-A92",Denmark,Furniture,Unknown,Standard,https://actonagroup.com/,https://www.linkedin.com/company/actona-group-as/,Jimmi Mortensen,CEO,Info@actonacompany.com,H,Major Scandinavian furniture group,January Furniture Show Exhibitor Directory,2026-06-22
January Furniture Show,2025.0,"NEC Birmingham, UK",January,Ada&G Limited,5-F63,United Kingdom,Furniture,Unknown,Standard,https://www.adag.co.uk/,https://www.linkedin.com/company/adaglimited/,Research Needed,Research Needed,Info@adag.co.uk,M,UK interiors supplier,January Furniture Show Exhibitor Directory,2026-06-22
January Furniture Show,2025.0,"NEC Birmingham, England",January,Buoyant Upholstery,"C60, C70",United Kingdom,Furniture,Unknown,Standard,https://www.buoyant-upholstery.co.uk/,https://www.linkedin.com/company/buoyant-upholstery/,Michael Aramayo,Sales Director,info@buoyant-upholstery.co.uk,H,UK upholstery manufacturer,The Furniture Shows Exhibitor Directory,2026-06-22
January Furniture Show,2025.0,"NEC Birmingham, England",January,Camel Group S.r.l.,1-L40,Italy,Furniture,Unknown,Standard,https://www.camelgroup.it/en,Research Needed,Research Needed,Research Needed,info@camelgroup.it,H,Italian furniture producer,The Furniture Shows Exhibitor Directory,2026-06-22
January Furniture Show,2025.0,"NEC Birmingham, England",January,Cardoso Leal,1-F80,Portugal,Furniture,Unknown,Standard,https://www.cardosoleal.com/,https://www.linkedin.com/company/cardoso-leal-&-filhos-lda/,Research Needed,Research Needed,geral@cardosoleal.com,M,Portuguese furniture supplier,The Furniture Shows Exhibitor Directory,2026-06-22
January Furniture Show,2025.0,"NEC Birmingham, England",January,Carlton Furniture and Vintage Sofa Company,1-D10,United Kingdom,Furniture,Unknown,Standard,https://www.carltonfurniture.co.uk/,https://www.linkedin.com/company/vintage-sofa-company/,Research Needed,Research Needed,customerservice@carltonfurniture.co.uk,M,Furniture and sofa manufacturer,The Furniture Shows Exhibitor Directory,2026-06-22
January Furniture Show,2025.0,"NEC Birmingham, England",January,Casa Bella Furnishings,5-C62,United Kingdom,Furniture,Unknown,Standard,https://www.casabellahomeandliving.com/,https://www.linkedin.com/company/casa-bella-home-and-living/,Suzanne Pearce,Co-Founder,sales@casabellafurniture.co.uk,M,Furnishings exhibitor,The Furniture Shows Exhibitor Directory,2026-06-22
January Furniture Show,2025.0,"NEC Birmingham, England",January,Celebrity Motion Furniture,5-D40,United Kingdom,Furniture,Unknown,Standard,http://www.celebrity-furniture.co.uk/,https://www.linkedin.com/company/celebrity-motion-furniture-limited/,Wayne Hollis,Managing Director,info@celebrity-furniture.co.uk,H,Motion furniture specialist,The Furniture Shows Exhibitor Directory,2026-06-22
January Furniture Show,2025.0,"NEC Birmingham, England",January,Celtic Leisure,2-B60,United Kingdom,Furniture,Unknown,Standard / New,https://celticoutdoorleisure.co.uk/,https://www.linkedin.com/company/celtic-outdoor-leisure/,Research Needed,Research Needed,Research Needed,M,Outdoor living products,The Furniture Shows Exhibitor Directory,2026-06-22
January Furniture Show,2025.0,"NEC Birmingham, England",January,Charnwood Commercial Bodies Ltd,5-B49,United Kingdom,Furniture,Unknown,Standard,https://www.charnwoodcommercial.co.uk/,https://www.linkedin.com/company/charnwood-commercial-bodies/,"Charlotte ""Charley"" Harris",Director,charley@charnwoodcommercial.co.uk,L,Commercial sector supplier,The Furniture Shows Exhibitor Directory,2026-06-22
Food & Drink Expo,2026.0,"NEC Birmingham, England",April,DeJong Cheese,MI48,Netherlands,Food & Beverage,Unknown,Standard,https://www.dejongcheese.com/,https://www.linkedin.com/company/dejong-cheese/,Arjan de Jong,CEO,info@dejongcheese.nl,H,Cheese producer,Screenshot Provided,2026-06-22
Food & Drink Expo,2026.0,"NEC Birmingham, England",April,Delamere Dairy,GG91,United Kingdom,Food & Beverage,Unknown,Standard,https://delamereflavouredmilk.co.uk/,https://www.linkedin.com/company/delamere-dairy/?originalSubdomain=uk,Emma Kirkham,PR & Communications Contact,emma@delameredairy.co.uk,H,Dairy supplier,Screenshot Provided,2026-06-22
Food & Drink Expo,2026.0,"NEC Birmingham, England",April,DELLI,X227,United Kingdom,Food & Beverage,Unknown,Standard,https://www.delli.market/,https://www.linkedin.com/company/delli-market/,Marie Petrovicka,CEO,info@delli.market,M,Food platform exhibitor,Screenshot Provided,2026-06-22
Food & Drink Expo,2026.0,"NEC Birmingham, England",April,Delve Snacks,Y128,United States,Food & Beverage,Unknown,Standard,https://delve-snacks.com/,https://www.linkedin.com/company/delve-snacks/,Research Needed,Research Needed,Research Needed,M,Snack products exhibitor,Screenshot Provided,2026-06-22
Food & Drink Expo,2026.0,"NEC Birmingham, England",April,Denholm Good Logistics,J140,United Kingdom,Logistics & Supply Chain Services,Unknown,Standard,https://denholmgoodlogistics.com/,https://www.linkedin.com/company/denholmgoodlogistics/,Paul Ferguson,Managing Director,Research Needed,M,Logistics provider,Screenshot Provided,2026-06-22
Food & Drink Expo,2026.0,"NEC Birmingham, England",April,Devon Cakes,PP07,United Kingdom,Food & Beverage,Unknown,Standard,https://www.devoncakesltd.com/,https://www.linkedin.com/company/devon-cakes-limited/,Mike Bousfield,Managing Director,enquiries@devoncakesltd.com,M,Bakery products exhibitor,Screenshot Provided,2026-06-22
Food & Drink Expo,2026.0,"NEC Birmingham, England",April,Dewkes,Y191,United Kingdom,Food & Beverage,Unknown,Standard,https://www.dewkes.co.uk/,https://www.linkedin.com/company/dewkes/,James Bygate,Co-Founder & Managing Director,info@dewkes.co.uk,M,Food exhibitor,Screenshot Provided,2026-06-22
Food & Drink Expo,2026.0,"NEC, Birmingham, UK",April,BIONA ORGANIC,Q130,United Kingdom,Food & Beverage,Unknown,Standard,https://biona.co.uk/,https://www.linkedin.com/company/bionaorganic/,Noel McDonald,Co-Founder,info@biona.co.uk,H,Organic food brand,Food & Drink Expo 2026 Exhibitor List,2026-06-22
Food & Drink Expo,2026.0,"NEC, Birmingham, UK",April,Bip Candy,CC70,United Kingdom,Food & Beverage,Unknown,Standard,https://www.bip.nl/,https://www.linkedin.com/company/bip-candy-toys-uk-limited/,David Trainor,National Account Manager,david.trainor@bip-uk.com,M,Candy and sweets supplier,Food & Drink Expo 2026 Exhibitor List,2026-06-22
Food & Drink Expo,2026.0,"NEC, Birmingham, UK",April,Black Mountains Botanicals & Roast,Y196,United Kingdom (Wales),Food & Beverage,Unknown,Standard,https://blackmountainroast.com/,Research Needed,Glyn Bufton,Managing Director,Research Needed,M,Botanical drinks and roasting products,Food & Drink Expo 2026 Exhibitor List,2026-06-22
Food & Drink Expo,2026.0,"NEC, Birmingham, UK",April,Blasus Welshcakes Ltd,R100,United Kingdom (Wales),Food & Beverage,Unknown,Standard,https://www.blasuswelshcakes.co.uk/,https://www.linkedin.com/in/sarah-jones-218107120/,Sarah Jones,Founder & Director,enquiries@blasuswelshcakes.co.uk,M,Traditional Welsh cakes producer,Food & Drink Expo 2026 Exhibitor List,2026-06-22
Food & Drink Expo,2026.0,"NEC, Birmingham, UK",April,Blendsmiths,L201,United Kingdom,Food & Beverage,Unknown,Standard,https://www.blendsmiths.com/,https://www.linkedin.com/company/blendsmiths-drinkmakers/,Co-Founder (name not publicly listed on company contact page),Co-Founder,hello@blendsmiths.com,M,Beverage blends and ingredients supplier,Food & Drink Expo 2026 Exhibitor List,2026-06-22
Food & Drink Expo,2026.0,"NEC, Birmingham, UK",April,BLUE MOUNTAIN REFRESHMENTS,D95,United Kingdom,Food & Beverage,Unknown,Standard,https://www.bluemountainrefreshments.com/,https://www.linkedin.com/company/blue-mountain-refreshments/,Stuart James Kettle,Managing Director,office@bluemountainrefreshments.com,M,Refreshment and drinks supplier,Food & Drink Expo 2026 Exhibitor List,2026-06-22
Food & Drink Expo,2026.0,"NEC, Birmingham, UK",April,Boddington's Premium Preserves,Z182,United Kingdom,Food & Beverage,Unknown,Standard,https://boddingtonspreserves.co.uk/,https://www.linkedin.com/company/boddingtons-preserves/,Will Boddington,Business Development & Marketing,hello@boddingtonspreserves.co.uk,M,Premium preserves manufacturer,Food & Drink Expo 2026 Exhibitor List,2026-06-22
Intersec Dubai,2015.0,"Dubai, UAE",January,Motorola Solutions,S2-D35,USA,"Security, Safety & Surveillance Technology",Unknown,Unknown,https://www.motorolasolutions.com,https://www.linkedin.com/company/motorola-solutions,Research Needed,Marketing / Events (EMEA),media@motorolasolutions.com,H,Verified exhibitor and stand number,Official Intersec Exhibitor Directory,2026-06-22
Intersec Dubai,2015.0,"Dubai, UAE",January,MOBOTIX AG,S2-E12,Germany,"Security, Safety & Surveillance Technology",Unknown,Unknown,https://www.mobotix.com,https://www.linkedin.com/company/mobotix-ag,Research Needed,Sales / Business Development,sales@mobotix.com,H,Verified exhibitor and stand number,Official Intersec Exhibitor Directory,2026-06-22
Intersec Dubai,2015.0,"Dubai, UAE",January,Milestone Systems A/S,SA-B26,Denmark,"Security, Safety & Surveillance Technology",Unknown,Unknown,https://www.milestonesys.com,https://www.linkedin.com/company/milestone-systems,Research Needed,Sales,orders@milestonesys.com,H,Verified exhibitor and stand number,Official Intersec Exhibitor Directory,2026-06-22
Intersec Dubai,2015.0,"Dubai, UAE",January,Mircom Group of Companies,S1-A41,Canada,"Security, Safety & Surveillance Technology",Unknown,Unknown,https://mircom.com,https://www.linkedin.com/company/mircom-group-of-companies,A. Hassan,Sales (International),AHassan@mircomgroup.com,H,Verified exhibitor and stand number,Official Intersec Exhibitor Directory,2026-06-22
Intersec Dubai,2015.0,"Dubai, UAE",January,Invixium,S1-H25,Canada,"Security, Safety & Surveillance Technology",Unknown,Unknown,https://www.invixium.com,https://www.linkedin.com/company/invixium,Chris Thompson,National Sales Manager,cthompson@invixium.com,M,Verified exhibitor and stand number,Official Intersec Exhibitor Directory,2026-06-22
Intersec Dubai,2015.0,"Dubai, UAE",January,"Milesight Technology Co., Ltd.",SA-D48,China,"Security, Safety & Surveillance Technology",Unknown,Unknown,https://www.milesight.com,https://www.linkedin.com/company/milesight,Research Needed,Sales / Marketing,sales@milesight.com,M,Verified exhibitor and stand number,Official Intersec Exhibitor Directory,2026-06-22
Intersec Dubai,2015.0,"Dubai, UAE",January,Securiton AG,2-D41,Switzerland,"Security, Safety & Surveillance Technology",Unknown,Unknown,https://www.securiton.com,https://www.linkedin.com/company/securiton-ag,Research Needed,Sales International,info@securiton.com,M,Verified exhibitor and stand number,Official Intersec Exhibitor Directory,2026-06-22
Intersec Dubai,2015.0,"Dubai, UAE",January,Scott Health & Safety,4-D32,United Kingdom,"Security, Safety & Surveillance Technology",Unknown,Unknown,https://www.scottsafety.com,https://www.linkedin.com/company/scott-safety,Research Needed,Customer Support / Sales,,M,Verified exhibitor and stand number,Official Intersec Exhibitor Directory,2026-06-22
Intersec Dubai,2015.0,"Dubai, UAE",January,Teijin Aramid GmbH,6-D38,Netherlands,"Security, Safety & Surveillance Technology",Unknown,Unknown,https://www.teijinaramid.com,https://www.linkedin.com/company/teijin-aramid,Research Needed,Marketing & Sales,cmc@teijinaramid.com,M,Verified exhibitor and stand number,Official Intersec Exhibitor Directory,2026-06-22
Intersec Dubai,2015.0,"Dubai, UAE",January,Automatic Systems SA,S3-F13,Belgium,"Security, Safety & Surveillance Technology",Unknown,Unknown,https://www.automaticsystems.com,https://www.linkedin.com/company/automatic-systems,Research Needed,Sales,sales.asgroup@automatic-systems.com,M,Verified exhibitor and stand number,Official Intersec Exhibitor Directory,2026-06-22
  ,,,,,,,,,,,,,,,,,,
